Feature_1,Feature_2,Feature_3,Feature_4,Feature_5,Feature_6,Class
-0.142283945235026,0.8154948509557015,0.48016350457415957,0.8539468914745835,0.7527882314210155,0.0639393158047616,0
1.482226821251241,1.5056711548609811,1.4081145878471544,2.306662137607781,1.7000846196554795,1.3412841774406277,0
-0.45527709991773,1.817902971430948,0.9724925920188486,1.3550380686815109,0.4957831186896329,0.11831727705486592,0
0.45234673395467556,0.6513844253486097,0.4116328174024251,1.7033894369248173,0.8786160939361297,0.3705556217441975,0
1.7995617915329871,0.7180233759856921,1.6098605245216335,1.0814162739109556,1.421189251349358,1.8827880384452014,0
-0.16972933931622872,0.30874698198038564,0.023692106385725924,-0.22927441283685504,-0.23592419057256828,-0.18877525980464038,0
-2.251572769449614,-1.358055776867993,-1.7066147182435334,-1.2256595988173649,-1.6920434638947148,-1.9387891440535403,0
-0.4961087776297011,-0.17587764208910403,-0.12783330215900257,-0.24038726840639243,-0.0702405290063204,-0.12814353277538104,0
-1.54249259422908,-0.17858215412309164,-0.4864829668781109,-0.22178044102002947,-1.1829903576167557,-1.5220967378171946,0
-1.6351304765943357,-0.4721206680963091,-1.561621645580466,-1.123666461221887,-1.2372236706262698,-1.4305069891282944,0
1.867484263774674,1.1567822681720505,1.0697684913589305,0.7691963937184441,2.0426127053501597,2.55983572181348,0
0.5698833399670508,-0.0606027775481201,-0.08795842491367638,-0.07778300648312927,0.10671240684172936,0.3000201945444624,0
0.2714609033460896,1.4235322866509834,1.06860836042353,1.1690373926683089,1.000552023215996,1.2493987731476424,0
0.8295910101565465,-1.0726193531528256,-1.071343626240142,-0.9244748497069235,0.08653973714792453,0.20805717947206231,0
-1.5633486241963765,-2.3698765633183414,-2.5058798464851333,-2.0696119281596834,-1.9745245372611178,-1.462564663615498,0
0.02740100197431312,-0.32845195504325597,-0.3745084209346433,-0.4027581961705799,0.36268533773890144,-0.055485982312257744,0
0.6670778153742192,-0.6645799852636302,0.26659849168551264,0.04463028806162516,0.48501456198591014,0.3395001461584404,0
0.2084068352563707,0.4010561316512357,0.8177972438342915,0.1574104433758697,0.41501762218330956,0.3426653363860313,0
-1.757505814396839,-0.08521722995312732,-0.16137849367907478,0.3730610470237933,-0.3017897361550532,-0.6167982914264936,0
0.9779107719282726,0.9450969742551583,1.4138602543291214,1.0905668719603376,0.786047568937419,1.6619106114408995,0
0.4905107652188176,-0.7054654247710319,-0.304782416625551,-0.4686965639673364,-0.6533040322286818,-0.10510647243299048,0
-1.2672224939516659,-1.6635328837025651,-2.194907889875699,-1.7688908602558087,-1.9478967134584342,-2.113956129284691,0
-0.1384911513032472,-0.26471785767998757,-1.20942935167161,-0.09117570253833039,0.09067774606092162,0.11590727215370678,0
1.311346700598195,0.3794213536323528,-0.25198556390502375,-0.4695739804139859,0.3511196013147973,0.9087517361989325,0
1.0101795204304556,0.31575582419722775,0.5562079854177745,-0.3045622869538495,0.2876819565205912,0.31142638850652693,0
0.8334788418861716,0.20935572179544465,0.8612426987640084,-0.5411564656348729,0.4411040830124517,0.959582371129685,0
-1.4338393731853718,-0.6277713180284444,-1.9859380751133981,-1.4293563342112923,-2.2883593904518116,-1.9992314570224354,0
0.041566713099935274,-0.464018731152157,-0.565639276914081,1.1242204964292795,-0.21128274788763532,-0.28824110980951134,0
1.159927463683499,0.564851708974378,0.323414723847997,0.39164903994453387,0.31775447358716036,0.45483341684572354,0
-1.3214101346965383,-0.6048646449112646,-1.0027828390517777,-1.8964644368295043,-1.3832095678275524,-1.0140753154519855,0
-0.9361824798200535,0.6770199215083381,-0.20494908412486126,0.9385272645504263,0.42425979940702363,-0.13805872461281357,0
1.2068425912859087,0.5021987080868094,1.1671567105819904,0.7170885311195145,1.209621960158352,0.056221107075532656,0
-0.575548151303098,-0.9495307654428259,-0.14003111380791405,-0.8481417800972703,-0.5511302960889851,-0.28817131744268476,0
0.24640616806132276,-1.1732036814177156,-1.1554237249800845,-0.20771694347373768,-1.0034700652965878,0.04577360146155018,0
-0.15908306274262446,0.46820242446664984,-0.08648853110969082,-0.11857284684356473,0.4338661723595587,0.021348462454302736,0
-0.015961577140798152,0.04053574174235927,0.44380357951631255,0.3192673673286791,0.8200808056084873,0.6137114771135395,0
-1.016734448210924,-0.9560559637038414,-0.5007074452971063,0.12700817425469027,-0.9281603253441684,-1.8771109837799154,0
-0.9485053446404493,-1.0196271701009239,-0.2007867440595153,-0.34592515760373427,-0.8729154134177474,-0.45039696794813394,0
-0.39598691790343443,0.3072023457288791,0.5509454920856405,-0.1589863638728233,0.324234462808203,-0.09531217707264451,0
0.324366452126955,0.45942714452520317,1.3130889595737438,0.8546681688339307,1.2927093551414557,0.8818563316784213,0
0.6821564792427878,-0.19491380272860967,0.7874390385016883,-0.21928856327100693,0.6183954338800226,0.14273957573105925,0
0.4582286819141314,-0.12894255413674258,0.5952636551698961,-0.6426985309594359,-0.08883478799151603,0.4055880701619594,0
1.5303832294337403,0.6912321429690427,0.6930831148340746,0.5371975872915209,1.1295829981206933,2.1767844786653185,0
0.7364816811616144,0.7827323126392577,0.6210793510081053,0.9452981841685707,0.5275774980455122,0.5001329120820156,0
-1.8998942651108448,-1.4457023467292596,-1.6768209682450224,-1.5127944102290563,-2.085343162445499,-1.3017833450569682,0
1.4996622160563267,1.900619910063055,1.1530703999683611,1.511000837084582,1.39609139023468,0.9569010267364922,0
-0.07384772578546445,-0.36273999767941745,-0.644614876307362,0.45161060079642734,-0.22961120033809584,-0.3195809546311819,0
0.15065001103153047,0.2664091187609072,0.2575744280669936,0.44381879541542335,0.7781362250021674,0.8732320885646475,0
-0.7430372677342065,-0.640433114996943,-0.3484264710038141,-0.12190928836917664,-0.5501667808216043,-0.40694065445274463,0
0.35032503736727866,0.9369620296953931,0.8114706173485334,0.8407117108859116,0.6516898241905162,0.8627587609904959,0
1.6283115581714414,0.5778597393513191,1.2633938039753567,0.4691249336423084,1.3825770106614026,1.1750637129580268,0
-0.798602170253647,0.5785734120522249,-0.13731586267527193,0.6863243887111867,-0.8432208827204352,-0.5920712688873819,0
1.0935981443888478,0.7398535973997608,0.7103742306370588,0.7507170271224677,1.1038919151885136,1.3765502677714876,0
-0.6879562379275045,0.6095921378125053,0.3137893597177193,0.16799206440639236,0.08862090874921047,0.2824839511641029,0
-0.7627339020992063,-1.4598399696261783,-1.9948141785698164,-1.7544628599682723,-1.3234631587532373,-1.2731587891865435,0
1.0498227870681787,0.5455771728689646,1.2668886855515717,0.35698101517439323,0.9693029171619085,0.5988302339077333,0
0.20208475699129722,0.16912650818337358,0.39051633231407656,0.4081162690720266,0.386486901532567,-0.18456338818541013,0
0.9242120960373801,0.5600015358810391,0.16185713430236406,0.6043204413258859,0.5703538536477792,1.298348458105485,0
2.708281210958484,1.6073983927446764,1.316778641320994,0.9722575045286349,1.5591798869317095,1.7257211558765253,0
1.0857285897924915,2.0961183922559155,1.2834481417074428,1.7732944558551507,1.7927289552882184,1.340402440425033,0
0.08400498521737897,-0.25563656453071787,-0.6155049505059568,-1.2396539511609654,-0.10917011236945395,-0.0734603658663095,0
-0.0200890600732082,-0.6255308831514086,-0.3322351175664451,-0.2682625676076182,0.3395496949846878,-0.25044564824120236,0
0.7506057598642438,1.747844159240198,1.6626897518074082,1.3942611445212312,1.9085583880676378,1.374900455139716,0
-0.808712419780822,0.7412639419645456,0.19653964519077238,1.1785882727662573,0.09797740278866919,-0.23987869817496013,0
0.7784895885688167,0.8856963219317895,1.0385791807448714,0.3181318827811993,0.42991246854810555,0.9149892230492822,0
-0.46118317076130183,0.24572222478386133,-0.299521265304628,-0.7696238729233194,-0.23631414920125013,-0.8479209749025203,0
0.7923220830156275,0.9547229787928657,1.1067441959102022,1.020776357379804,0.8370347575043207,0.6586464946554984,0
-0.20074137015083257,-0.19674817441752637,0.16602291903458033,0.3783203140383718,-0.17746004099923712,0.4593348012908104,0
-0.20833415413852507,-0.5914513339032869,-0.6300206753384747,-0.4660925309870368,-0.6580145263214483,0.12340823894831125,0
-0.3064717307771191,-0.07339712140468455,-0.5960885750400141,-0.29686306089252806,-0.6811597927681912,-0.5494008161058765,0
-0.04781877377027345,-0.35731937901582456,-0.0809560302666356,0.015448899857093704,-1.1146523461391151,-0.2439188798868703,0
-0.44682374530809144,0.518444808432393,0.6393897693291185,-0.33145455920320754,-0.7281190485959036,-1.0438119425844603,0
-1.748059216037858,-1.2990593479755819,-0.7624577953149672,-1.2920288402144466,-1.425533577590624,-1.1277287448124296,0
-1.0746888492484903,-2.0127951382808202,-1.3827052135490385,-1.7304764791706575,-1.234222684948251,-1.3208986371860876,0
1.1686126069399798,0.28735627714210343,0.9970873704578893,0.29195310349936265,0.7521094752557614,1.3170465388317765,0
-0.25582716359490026,0.15247607462362026,0.17853354499982846,0.26709400631274755,-0.35730979639269095,-1.114312618422612,0
-1.270418579485294,-0.6987491326729628,-1.3655706179951885,-0.41592876388236344,-1.0209202624722324,-1.052445617426928,0
-1.4011615398604873,-2.286297299442271,-1.6434778223675455,-1.036017282212695,-1.6126211406439366,-2.0567638551550202,0
-1.4832641276864298,-0.8145881673985721,-1.9401752618192663,-0.7716406320280359,-0.9030712503806758,-1.440804182496206,0
0.29070160538528683,0.4635426431519899,-0.08161894424834325,-0.3222498415960308,0.548335223764357,-0.0944546427309383,0
-1.0822293659566167,-0.5314908957207651,-1.460596461997893,0.048354138934060875,-1.0026816112632047,-1.7459262073303856,0
-0.7833164977155728,-1.5742058699793517,-1.2633233720795383,-1.703132770249289,-1.0854385883638495,-1.5010675586466853,0
-1.209513167004201,-1.2333586175176845,-0.844262697833027,-0.032374193237925904,-1.6734413234751604,-1.3652757569135126,0
-1.767309198500684,0.009220493750634173,-0.8755270344234483,-0.4813091864129238,-0.04619688944884305,-1.4801725161289396,0
0.8596332280938116,-0.5431699865536042,-0.021824728221458096,-0.45019768997561443,0.8845806887679527,0.13387133689043973,0
-0.9704252390504674,0.08337045245947977,-0.8095667048644348,-0.0764756045511609,-0.9648263344283394,-0.9911301156730195,0
-0.6648857794603771,-0.0069144535115139285,-0.7972342619400529,-0.2631525900551099,-0.7098221185559848,-0.7902212910833284,0
0.8249212550952691,-0.37100257711177503,0.33309280056224017,-0.5930940369767073,-0.4652918452731882,0.09857530441069626,0
0.9807019132194745,0.014930339236470963,0.5620673594602074,0.8104314286895464,0.7148482192934837,1.4662300781760849,0
0.41917277236253936,-0.15239259924946189,0.3533419307827257,-0.053024558368169133,0.029571457198108712,-0.531421530911927,0
-0.44091489506699794,-0.2200028671514801,-1.0929564191320083,-0.7643174342759044,-0.6500935631902185,-0.6396019046975023,0
0.9054715683662565,1.6255140618865516,0.9516955452025608,1.8525400899555249,1.7936569464365655,1.4349815339227365,0
0.5258407325168922,-0.2084088074372034,-0.262104151301333,0.08333293181927091,0.6326587771639672,-0.6107336197752639,0
0.42254839178951176,1.3000723220941048,0.7751152055603262,0.7947105420947214,0.735619101616395,0.3111038665901638,0
2.578449937689864,2.1338600205820897,1.9457851844526866,1.5813144178392855,1.5143205110584648,1.8833229970232008,0
-0.9071421300700943,-0.5269086072261845,-0.8024630920949938,-0.9242571844734673,-0.9209380823620653,-0.9598400496779194,0
-0.08144336689313947,-0.4065753681276539,-0.9779566078392736,-1.1835618596782578,-0.08529136081547277,-0.1726770267332975,0
-0.037885080903027335,0.8218227637836075,0.9125165402221597,-0.14385939233154743,0.9207132575548286,-0.1637892109126054,0
-0.5241692256110624,-0.563484319366209,-0.5305710978039031,-0.2118652045851712,-0.3221253591753242,0.18221563481311548,0
-2.1269769046569356,-1.5691455337577662,-1.487743413111055,-1.0266989638414163,-2.7224067554629015,-1.9192880129026237,0
-0.3729125935696689,-0.2503142700999708,-0.310278227228392,0.7672017089362609,0.14116006148910804,-0.24453773985612517,0
0.6242840449605791,0.7282919176220128,1.3465055409458686,1.2050065552010019,0.7741047808929522,0.6591780336997184,0
-1.1463724874457757,-0.6081269795926877,-0.9454358018119713,-1.2299672312846186,-1.050885181117141,-0.9655148777913614,0
1.7424082577197864,0.6994881061846288,1.0124852136576978,0.964405959724822,0.9709036589583907,1.261181022270821,0
-0.7875898362132714,-0.37010233668431264,-1.845963564767062,-0.6129949538385654,-1.3715296225218876,-0.669540782534452,0
0.052164680247872575,0.20104719202534777,0.23547175781556945,0.5572738709938461,-0.04454727425271686,-0.669350669833666,0
1.1833972370238477,-0.9316481643225105,-0.812220027907032,-1.248216165655426,-0.7509038779140667,-0.2244953824917045,0
0.777514333991167,0.10678542931560535,0.9338653755355255,0.5574067816505883,0.763468119794529,0.9625011650031393,0
0.01876361131674007,0.035739269247616785,0.6315722936647422,0.23823422494343593,0.03128135890378124,0.6074437075451397,0
1.3714644656388684,0.632454709404601,0.4056114556665092,0.7562421122978171,1.1223198265520353,0.9363304534153276,0
-0.7451572293185088,-0.9634063578412579,0.03964413805569701,-0.18722776766335353,-0.5449235164138251,-0.5408432414994533,0
2.0678876917314786,1.661432407880413,1.7214432380144118,1.9134583128161509,1.8338657497359832,2.833903255392761,0
1.8715182316166863,0.7895015825690971,1.92721638653379,1.006127679536419,1.5784628166926116,1.3471383799811545,0
0.4479516177698129,-0.5531319928923727,0.43126036945165463,0.32528955918693037,0.15630108394548256,-0.024813959451914364,0
-0.21554344844128565,-1.1402826583639012,-0.6148114392636281,-0.7231335445789077,0.1266930287914045,0.22639397086832366,0
-0.1537615232712754,0.1492106423353872,-0.42554519559069126,0.09860119934725489,0.20806494776258502,0.160171606373919,0
-1.810499240091208,-2.19130307029759,-2.764016026743988,-2.1916284234380874,-1.6522738697662334,-2.596611844047536,0
-1.324172900737094,-0.41551676103687046,-0.5082600516268666,1.1106767058282638,-0.9599805137939318,-1.1763605579712269,0
0.7122052717497225,-2.5679863160139833,-0.3649092596954319,-1.8289055068988649,-0.312526907077429,-0.25100918976169884,0
0.2891762472038062,-1.3303544366990874,-0.5767718181289382,0.006146868065786085,-0.18030733358395462,0.6740038112755149,0
-1.0580320020138143,-0.2808907792052653,-0.8889269923879091,-0.3636138474530335,-0.10195001922447294,-1.0622029977803207,0
1.148363982359973,2.012189737253573,0.6723605401465117,0.41286564128363334,1.3394076773239272,2.3518597754025667,0
-0.49879623531429956,-0.6007521500093705,-0.9117318401783585,-1.07097979577729,-0.6963998575701178,-0.9326370368380608,0
0.9373801071052953,0.37822119116674213,0.6996963841413302,0.8982438521815799,1.0826699507649966,-0.027408979501681998,0
-0.5277623315984308,0.5113688692535905,0.11576001652933668,0.582914559491781,0.41115692095334755,-0.9585614836499808,0
0.4874936287313425,-1.1392454906187597,0.22376057764245005,-1.0318418558672364,-0.40831418622025656,-0.23143512479089523,0
0.9578219384330325,1.2798375567568407,0.5680289906899769,0.9818344104041345,0.6142091647561021,0.9292797931485063,0
2.1887412988794757,0.7032640726850242,0.7965059618905483,0.8505846788903675,1.7717768816894468,1.3075338750105312,0
1.2988121061839644,-0.5068480235233496,0.881884388938409,0.751441419863093,1.7169868077558925,1.1384561630129413,0
-0.9511868559329835,0.21935484679503695,-0.8310935305755539,-0.17732347298299583,-1.127880018394848,-1.0283450163163752,0
0.29410768324463255,1.1038208878115552,1.4246011177488676,1.185665752668068,1.2922615967427593,0.602272804230231,0
-0.20848942563104156,0.1888437028438676,-1.5382044454501758,-1.1506757195752055,-0.640310417088878,-0.7511402046067569,0
0.5274011378709871,-0.15195908564832558,-0.371339296827971,-0.46898710724703174,0.8326729571903622,-0.1970644889064475,0
0.011586629023999503,0.34780702090574905,0.7266444816892559,-0.1267974766292117,0.13960132334700523,0.8236448662485223,0
-0.7355069637720173,-3.19892058655868,-2.748323003442763,-3.1225230807690343,-1.9591248690216652,-1.383746794244507,0
1.6753419125697382,-0.7114216016429483,-0.03872927876152431,-2.0075490513593106,0.25878201156438024,0.9098514945727182,0
-0.5573240445477408,0.4140299570253892,0.24593181521239948,0.4657072447399177,0.3568536435696519,-0.5661750401183806,0
-0.44594100809291215,0.7593976880548198,0.2740493963683104,0.7702909500559275,-0.16985170341284112,-0.17624264945553267,0
-0.5847957888075874,-2.058534742506133,-1.5798613470603309,-1.4268863186017973,-1.3367957674626034,-1.8154261515658594,0
-0.7728877678535113,-0.012189860557223948,-0.15296379278243039,-0.09434353030009722,-0.27406862809512766,-0.30117860700392207,0
0.4997513601135086,0.6594867342033183,0.8547083953510568,0.5599272101258219,1.0095251634168707,0.4291370065502662,0
0.010354146887586861,-0.24042377737503878,-0.2737815305115881,-0.18510033079340865,0.058118417762570034,0.21697704111152202,0
-0.02258006129111795,-0.7013834662425407,-0.7168127206137541,0.47734194033880334,-0.4540401088267727,-0.24204346282951372,0
-0.4033815606288832,-0.9085907401919571,0.09068704747867563,-0.9408111817520427,-0.7393533986093442,-0.8691312777727708,0
1.9183476969458506,0.8138538707981859,1.6279353584356149,0.19061210854334096,1.3837931995248085,1.8404541382652517,0
-0.2738449616434955,-0.8367880214371346,-1.3867566384995433,-0.8475180783271181,-0.7257979405631912,-0.18698986516928273,0
-1.4234984468449439,-2.5034467631760764,-2.1755127149538804,-2.386046015289275,-2.2560208224880176,-1.929771961143729,0
1.8117533124380634,1.0501548938761245,0.7774597149844567,0.9485636173033977,1.701497934482783,1.693814403081491,0
0.29522121245383953,0.21774996165096092,0.2970886259556391,0.004112003191138347,-0.5300310418550546,0.07012425352927897,0
0.9007133460479205,1.453730009615534,0.9540324042981629,1.480631027855204,1.3140993651102217,1.5241460823652881,0
-0.06569458713403296,1.9622551216477218,-1.433676237088729,-0.4064588515063825,2.7391530422955435,-1.5321008272976604,1
0.11393940667128044,2.748403499362945,-1.2082166204938471,-0.9182313068760557,3.1405946427156963,-1.0817754683072824,1
-0.4178636610159068,2.794593362416461,-2.0842441430892653,-0.43224231222985376,3.2401546290503163,-0.8993361161712603,1
1.0904578960507227,4.540638831812138,0.23347320331409588,0.7910988473970912,4.450532295735145,0.4780945925462442,1
0.7795038903138872,3.4699182934395423,-0.40553290180860674,0.09776289104725899,3.6099131555304114,-0.13604203620482752,1
0.5227415733671371,2.154162540870737,-1.6573272667924337,0.029455039729864296,2.926254590187704,-1.5279617477535883,1
-0.4447474947581118,2.492987428995448,-0.9699441228874737,0.7224671149515398,3.4912723671443464,-0.6710257946901143,1
0.9063771596625183,3.5702339569968613,0.4380685525452855,1.4515680779142555,4.399807039552205,-0.4783978887418546,1
-0.6193112114334572,5.453749386647004,0.13158766130112748,3.4885628226254504,5.096377076144377,-0.5288813126327926,1
0.4406833732341681,4.073444464157372,0.1912303904252482,1.2500420893904052,4.276880214514625,-0.4007496664970875,1
0.1314824183679534,2.9145607357917678,-0.6046546325846879,0.7363485962797884,3.580081470473807,-0.9802775152882279,1
0.8405171146927576,3.9542071957014295,0.11877682840946752,1.5885996438378869,3.1730558831455125,-0.7901287794548444,1
-0.07911933316003926,3.5152371743956015,-1.1685671603780245,1.3629621655221889,3.7301745495149867,-0.6936158419620542,1
0.4951546417354832,4.094286627955107,0.33576466693543644,2.409161844952874,4.724811207230277,0.3834987898304959,1
0.43642635835121146,2.559186260569902,-0.7259639926292297,-0.48516353816950475,2.1518148743067265,-1.2696768734089428,1
0.34633891074842194,2.6513730261676853,-0.9238456627659679,0.9452070414177962,3.8459273734135686,-1.0633574303985482,1
-1.4684380964775212,4.004253475028227,0.6222970992621366,3.0472649779433363,4.058148307728091,-0.21625068160942723,1
-1.0373289168115398,3.084690490426478,-1.735042001135939,-0.23286073313405287,2.584210297363232,-0.6843609593149537,1
0.012883502199724367,2.261124423242297,-1.1698003676893853,-0.4179846225942505,2.8946187953125,-0.7635220500008598,1
0.6500526675724796,3.439243987499963,-0.5980082749682404,0.9485819406794266,4.1502585691308,-0.24726076391451757,1
-1.3643359745303254,1.3620671861640479,-1.7252289411272377,0.8318393637098576,1.853410217462222,-2.4347977920385104,1
-1.1870687883420774,2.897964961483037,-0.707547093454134,1.1594753758013123,2.73710255597776,-1.300092195473555,1
0.6867702365528425,3.1429785485422705,-0.01971637017061728,1.0865545375196035,4.080520990374516,-0.08205905449226358,1
-0.7064289131193277,1.0258239467775812,-2.3183690686812115,-0.975676054965698,2.2577095652519343,-1.1295572198729034,1
1.0503877782050495,4.0382707899118016,0.42857483616127284,2.1788483072024354,4.0433980649294075,1.0613038341934953,1
1.8365432301126627,3.8866451161504068,0.8142395739839705,0.5797265064208186,3.7745587637461533,1.0766251499751358,1
0.6666574759191084,3.877620543038029,0.19472326922920208,2.043085935702565,3.880146303189848,-0.20133809007889247,1
0.35959619938922854,2.484372264402118,-0.3812050977800828,0.5138373474612025,2.9526424692802786,-0.8040205330994108,1
0.5747572485266339,1.7055961679976197,-1.1966076083080481,0.7862485650723393,3.4114228327528737,-0.7813810040516624,1
0.29620297204004353,4.026303445588546,0.8376548261816001,1.4615282903477878,3.3728331193514123,-0.6467118006993592,1
1.2321048821448601,3.407365017666245,0.30442292489033446,1.9210194275274892,4.803450065370869,-0.03076160818142193,1
0.2686891464924248,2.9612508349297118,-0.7078975411188391,0.6612250192704758,3.6035209564812556,-0.8025916521120134,1
0.1786850050050336,2.9509966468752054,0.17941901477007965,1.3309526333436517,3.8798439397114826,-0.8728036545694347,1
-0.8926472534143722,3.279794814219889,-0.6758645322026581,1.9637276127607564,2.8410672594194413,-1.225992840481299,1
0.15466546936085918,2.761576857489531,-1.322711297994307,-0.1326726861273959,3.2997332470368175,-0.5724910891380955,1
0.02962330363371654,3.3019236895149677,0.08921508028752306,0.7992290829853363,2.988696391412117,-0.35493499454168165,1
0.6691130555755664,3.2217359335230067,0.3177450482950824,1.0444593480195352,4.2180993326781975,-0.22906080994843425,1
-1.5958981031442876,2.594547808448167,-1.6546400970953496,0.6919344268692501,2.6334652947372224,-1.1878076565571942,1
-0.1374740387580955,1.5917222219764122,-0.42082724617211986,0.5251226369784467,3.231599831002825,-1.1179912579345945,1
0.5048622257787875,2.7753728241705673,-0.05524897816637231,1.7781769586266494,3.373399731013252,-0.7842430006290655,1
-1.1260073080008963,2.3411802014248186,-1.94031455757488,0.7069454425338575,1.9559869520162543,-2.8540670723898613,1
-0.3464854334708117,3.034968606324763,-1.3676531829060206,0.8020009692353611,2.875782601283148,-1.3969327567152354,1
-1.1672222763066917,3.249547352113695,-1.2872047778059696,0.5935948941073017,2.867616160603,-1.808562334886258,1
0.8008392313566101,1.8428040829671077,-0.6884325945649733,0.9142935997565789,3.4185852829258403,-1.043991824125951,1
-0.6702347988217867,3.607996025283754,-0.6303529018408245,2.4299091577546497,3.392406543889774,-1.2026967740151253,1
-0.7872137151095235,3.4511197495919754,-0.9130690683093072,0.9784468649940485,2.5012002304141148,-1.8999026998305522,1
0.5477039428504681,3.392508785573747,0.7688206285858084,2.201206669125604,2.845217737435631,0.18409293461623577,1
-1.8348212604440925,2.6484804429340927,-2.100674675386864,-0.3028611041821414,1.8341295283544619,-2.362367651359496,1
-0.14941962368542672,4.323727824323811,0.12372355635561533,1.4487641960060094,3.6321919048969487,0.008631811462614714,1
0.770928219613824,1.8529732488451742,-1.0781191543230504,-0.243955604576229,2.8929578867949637,-1.0066569789608544,1
0.6246606950755677,5.1778974223189556,1.1095853634248256,2.184578540078003,4.901211225584301,0.9788665547068721,1
-0.07017501375795686,3.0615928218694077,-0.6019307001694418,1.061137453412726,3.1052845108790548,-0.4898413380605656,1
0.4164942474723797,3.247680129797346,-0.058369926143794215,1.1919922193450159,2.278890302732794,-0.864350871091143,1
1.0371457237666242,4.92498279573088,1.6712099132055862,2.7004034320050163,5.216352767080675,0.25613103842964435,1
1.7670051212148483,4.148515744118193,-0.054542751992004035,1.6893684957945376,4.922240841852858,1.3718531197943422,1
-0.09305739045575538,3.1678018927190363,-0.6905614916110906,0.64575964963771,2.8128392423159005,-0.05112186363441118,1
-0.38022593235068547,2.8379303641497424,-1.0852491700128148,0.9250418266080866,1.9694455362428145,-0.8073193851342331,1
-0.14066641173637046,4.198103724993626,0.7234854424725929,1.3355943924350548,3.5050790928694884,-0.041708529102524095,1
-0.5394460963815159,2.811456480551341,-1.290535924360001,-0.5247675916199466,2.4870223266597105,-1.7860568797953125,1
-1.730091176854576,2.651880179547378,-1.2373193051469973,0.6300361921279238,2.695741553585781,-2.0341942013454974,1
1.9001248400444193,5.309023767859818,1.7170528776465204,2.30625137042402,5.962631532366433,1.5700977336985975,1
0.285713671929635,2.883583701944092,-0.8337591175953407,0.7711439177739183,4.019453261159543,-0.17748259574753628,1
0.7052770003463904,2.950139432914111,-0.3826752191053834,0.8019890990331032,3.4616812389757317,-0.9671263179559418,1
-1.069074879465188,2.322720032325562,-2.7176575053118697,-0.6202678000249136,1.9990140677562964,-1.6825422001731516,1
-0.6274980256626269,2.567800081678553,-1.7609031302932094,0.9625711806623798,3.233412154605779,-0.8411990604715306,1
0.9477111684330487,4.233274865284395,0.7232108440742702,1.411634545522543,4.211984660260573,-0.24760498191742913,1
1.727899620184548,4.5957930425993965,0.22358154645694167,1.9337130813253345,4.637424095311575,-0.315686806292295,1
-1.3800937663810637,2.70203074323434,-1.4754851399703044,1.033033022662773,2.46583305747306,-1.3797973589712644,1
-0.19365412770340273,4.955514886728699,1.6483423609735441,2.618544676735903,4.929128926586765,0.7108660732612021,1
1.8260402452589408,5.635846689550434,1.345254388777912,2.384035253286898,5.440581020357975,1.4970978821412122,1
0.2710710901253471,4.598546745900352,0.6332041475711729,2.289191191972672,5.092912916904552,0.5222149428672286,1
-0.8342283333819535,1.8209990743892503,-2.5541005322813013,-0.004633890744487168,1.6868827738873993,-2.471586178366925,1
-0.5612894025825981,2.9295272925853797,-0.7063876462221723,1.389408989606342,3.454801997638826,-1.8733618009249895,1
-0.2730480155783723,3.784111965069524,0.138495318034568,1.2452920998839,4.013751824522703,-1.3564084743032363,1
0.5897674726298572,4.021487327958327,0.28084688584673606,1.7449452825856686,3.9961709037017146,-0.16952181255438442,1
-1.259704730030351,0.8664792367257235,-1.9521038315798873,-0.9263547376363612,1.5306970676419334,-2.0748477792260016,1
0.2996669432484949,3.561955726520869,-0.02128418696549844,1.3222147512612157,3.4076774196429644,0.18410034303253042,1
0.43312847639467544,4.03213987716931,0.2864299935986498,2.5547919104364505,4.443314853622079,0.14462661156215773,1
1.116138698812839,2.9540839719526635,-0.7239102510381392,1.1205068176381852,3.756306632485678,-0.3110905005792395,1
-0.20989863827782762,0.742710141670686,-2.3258804752543125,-1.2758642436675378,2.2260583187900918,-1.7497345968607396,1
0.9603272589116689,4.1915409230167855,1.1041111618200978,2.1126633738607197,4.413263240896937,0.5294256820830664,1
-0.25497283945113114,3.0548287389416013,-0.25806427694777234,1.1691117196828131,2.864670598105576,-1.2205376101820575,1
-1.7372157437181126,1.775486931473243,-1.3443977716443727,0.11652484257131868,2.0331200893365597,-1.3797116452395635,1
0.3624763890093402,3.266896606503463,0.4613569620312063,1.545853223545031,3.8096858280819306,-0.04863841607718422,1
0.7150631783035412,4.2193362667862875,0.9366011277143156,2.040198239743585,3.7521229035353136,0.41515545191506253,1
0.14956086435844204,2.52435969068948,-0.7811413010610977,-0.0005349703678625417,2.8937114448688908,-0.49469622167295546,1
0.43332858691246856,4.131647058374087,0.5286584629583415,0.7893943297463828,3.5841581843515535,-0.4522341806827539,1
-0.6028039937609244,2.3263717019287284,-2.0045427563911806,-0.8964426033855617,2.255654051969037,-1.8466734576591715,1
1.5720047037839036,3.902400999402965,0.639017678554048,0.5134623542194707,4.450046124614911,0.6620149478296519,1
1.1319904305433315,2.4483933316607853,-0.4760383615824999,0.6339188024746283,3.441090348975924,-0.5380330972463468,1
-1.309712699010286,2.583600413762052,-1.5637447159624385,0.28541751437716245,2.478078609415821,-2.261570282391184,1
0.39660974899464657,4.274503001224967,-0.43264916438462164,1.948511431726891,4.494474392372741,0.5410190427146787,1
1.0173394271610328,4.2947995282871645,0.6871966393239552,1.1442619773000884,4.049661991473961,-0.008019332116128597,1
0.7993236367764083,3.6320597811995894,-1.082347445475463,-0.43680396739530525,1.999212898837443,-0.9072561178314638,1
0.9514830841747137,2.9421207242703664,-1.5065359381001986,-0.25549521778715234,2.9852168379236224,0.05451371264595084,1
1.5167825629000535,4.702822046611131,0.7014898851202158,2.2212467840174535,5.5647795807237355,1.141496790864164,1
-1.6417413616465317,1.203776717892941,-2.1232465446661406,-0.0015459293609396685,1.4193921633690558,-2.1150080835323473,1
0.029657150057708706,2.9695633743950687,-0.6718613850567953,-0.22349927857421048,3.6705423726731783,-0.4093374055769423,1
-0.2805908921453235,5.916199177884762,0.7873464730382949,2.666427785363992,4.4264350975384374,-0.06303093940900939,1
-0.6649730422001382,2.291372150034787,-1.5956085712263584,-0.04150893766061414,2.425819786605431,-1.496623643819941,1
0.7304129436721035,4.960985391646091,0.5759437806257599,1.4047243362593345,4.574619483098311,0.18051509409914668,1
0.016223518719848548,3.479939410452796,-0.8987022820515242,1.089289819194155,3.6247580402930604,-0.632054644834557,1
0.2761706604828709,3.237835450452499,-0.9748185432038068,1.1029769821507318,4.045914710911688,-0.7410832336077493,1
-0.3230994669568569,2.3670843787246145,-1.2945152161383617,0.6880985205526727,4.112896770150092,-0.2496776645592786,1
-0.2753846538505384,3.1954030624030385,-0.35964078944816535,1.8357778398706341,3.018276197073626,-0.9011231947327354,1
0.658460660376335,5.569687435062077,1.2041024883859721,3.592385497992426,5.295394285541259,1.2942450013515612,1
-0.4578585579735116,3.235059631035921,-1.056727522056187,1.0914645119353543,4.755149887103151,-0.5810690742793484,1
0.5813078196822627,2.6127660518486584,-0.7479669755480138,0.04433887754026178,3.287923327864219,-0.6251543663536135,1
-0.4812614926556401,4.123026879194968,0.9556680785584177,2.248538311813739,4.204731639110788,0.28132310316020026,1
0.5094990166706106,2.507847957435948,-0.3562921096919323,0.3243447891018635,3.365004484052145,-1.0805221083853804,1
-1.444888101619387,1.9969533550752594,-1.752657145144457,-0.9926787889268145,1.3988398449787605,-2.3322837784380477,1
0.6783831400098669,3.022686373271238,-0.5215111239456031,0.7751961331104589,4.258494124196957,0.046703958445951654,1
0.20949778960750437,2.8968655455462904,-0.6362042108055034,1.3076083350584442,3.6303250026948386,0.15056274188262142,1
0.5228562735728479,3.585474053398051,0.4949163941052495,1.27727514405305,4.2384692294400645,0.8068048535255098,1
-0.30407102982056256,2.938519897513949,-0.47769380753469504,1.348758615010728,3.3854709645554926,-1.5126973981543996,1
-1.6476775346521852,2.002114804146654,-1.7685002133514909,-0.39893569539515483,1.9973654253735336,-2.7546975719064606,1
1.2541074478254073,3.8362652303532077,0.48815267741426466,1.967934905657481,4.465735555078417,0.2941042470556371,1
-0.21299024036727454,3.5116783548806967,-0.6415129114528976,0.7359611052549515,3.2754923795214275,-0.09350477934421297,1
3.103765002252585,4.220152349140523,0.4164131557233018,2.1662820945010104,5.221287484411587,1.3263386030828554,1
-0.8484044583937289,3.059212328601188,-1.8318770622272147,1.3044101884417474,2.82593523138042,-1.143308065675448,1
-0.5579104868598227,2.247765494114458,-1.1181105111662788,0.43541333434794305,3.514376394189475,-0.5831115731548653,1
-0.04559547978432667,1.684983157621972,-1.7461494415328433,-1.277912103329992,2.1535183511490947,-0.9930506049725618,1
1.0218879751449816,3.772010096116503,-0.2682250445895693,1.5618418699629428,4.298537623013528,0.07713506065209375,1
0.713130180388935,4.586620627204634,0.9586681148320664,1.9436036564548356,4.42556923070991,1.1634680922248446,1
-0.3126084407870382,3.579661248466675,-1.3005092971159182,1.1290618310444294,3.109155247390539,-0.8756091701215086,1
0.7619723693059528,4.8467642092767615,0.13427415125459613,2.9098169327490586,4.860444125551271,0.6705063396363212,1
-2.057733088441038,2.675822119164804,-1.344321014041889,0.11643396905704528,2.4287264377151505,-1.8422441336087378,1
1.0268282512217488,4.7870185376163406,1.2405131262635372,1.9236833232505153,4.805641901824675,0.4526498372124902,1
1.133688034320883,3.184095468496548,0.5862120528079686,1.3485438334239905,4.446112333275215,0.7388888439691516,1
-1.5398461311971325,2.9616838161589314,-1.3234117939687584,1.2143660133171812,3.265219315819934,-1.6613136266998088,1
-2.0629038594484865,2.5447772780265483,-1.1879761091749703,1.0701553760507854,1.9607979188149798,-2.1014033954178615,1
0.49654929219748994,5.37683534543658,0.8072823984531814,2.783829990118394,4.584014073886891,0.6637161729404916,1
0.07060607123315776,2.821995122917057,-1.416891897408513,0.39537221429553737,2.2474129681769655,-0.8842550175599324,1
-0.606362639340723,2.165938114478786,-0.8919143910719229,1.0580616746931968,2.5097418618461598,-1.0699518884317487,1
1.3090119839899128,3.5976082423426585,0.5766736913314805,2.2560517113275766,3.9076086746439573,0.14641599827995055,1
1.667259203914165,3.0960435414407055,0.5639526429565651,0.35729909902067825,3.7680266654675183,0.36055772949291365,1
0.5656417756030382,3.82477988435463,0.2763310021897433,0.9147189967468403,3.692913402982084,0.12538727450038645,1
-1.6765179241139494,2.655704750773585,-1.4739673008162384,0.8788180463450955,2.840489299302195,-1.4373169858634378,1
2.0357125918081627,4.089003594268051,1.0347555326383913,1.9524151242955603,5.913072463099999,1.3143327262164162,1
0.5418750376782376,3.548255538976865,-0.3260750827980067,2.398938679474341,3.693805379521647,-0.33722761607376844,1
0.21346391533326148,2.648660840158903,-0.48378022213227156,0.8344038071855734,2.7022894925595744,-0.6482423881164077,1
-0.4366331382443587,3.5402814949212287,-0.8511183848411181,1.2321386388588063,3.911138098070473,-0.9912958909656191,1
-1.420393767170465,2.345276140750659,-2.218168271538121,-0.2843346343431379,2.170562244413045,-1.5011958448019063,1
-0.6444958608798073,2.845087141091128,-1.1067969574419747,-0.007218469608320621,2.8815919234416656,-1.6463433641003293,1
0.24462000734138867,2.623116092196093,-1.3267250645305293,0.36871625706585087,2.873700026969108,-0.9843941350799156,1
1.5333559634052014,5.148233889033457,0.9063461311095573,1.4868135075518287,3.937014771557471,1.190428989366617,1
-0.94270329096972,1.9764753215698727,-1.5291137259958327,-0.0723895008846176,2.5122088162807863,-1.9639632226260062,1
-0.041819433514587015,2.643503177564921,-0.8508232336016359,1.0290274921099813,3.371411115775084,-0.9966249944262672,1
-0.2079030767013334,2.3964480207325485,-0.6249373329865786,0.6306703241948204,2.666175113025718,-1.0894907056177878,1
-0.0900611069273742,2.406201048622762,-0.8768188900669809,0.35178478569931326,2.126303808044156,-0.9971909339108826,1
2.7591921033275137,-0.5097909161821664,0.8853033463997672,2.3665719261128366,2.0821079360525196,-0.5694801750379206,2
2.9449991661670576,1.2735572749378676,1.4178103733809444,3.548937104263885,2.825516990604004,0.030433933652609102,2
2.6541727284977203,1.3544647667693375,1.64598152883388,4.09390114904921,3.0171099334807385,0.3690851887483091,2
1.5454639741794942,-1.6266343931973595,-0.6806548654298892,2.3646380590619067,-0.24386675926542578,-1.4843398620428816,2
-0.21066037660675363,-0.33870297808825955,-0.8188473649982511,1.9616758070876437,0.640971565404302,-2.530998335811014,2
4.410423378401096,1.6951340026730428,1.9513426269468717,4.317082384776099,3.589160918167389,1.3603641017370975,2
2.349774906407716,0.5279070414385104,1.200739347326743,3.891433865786902,2.7188786323452883,0.15992059193795027,2
1.0092274468499014,-0.6960910042731552,0.02191973505888345,2.329011067849974,1.6014103112987086,-1.540340962240519,2
4.4038595175179625,-0.6980330083241698,1.5843092286151237,2.565766892255876,2.593315220228782,0.8374193845396445,2
3.6646805191107483,1.1446139519399892,2.71957688787077,4.346877057585713,3.813267650670482,0.546254844846433,2
1.511990916500009,-0.6932836455444253,-0.09036289163257227,2.459535418443755,1.1135260445674346,-2.420307958136432,2
0.8954756618679798,-0.2918668942613609,-0.2395246056997269,2.7483862315284857,1.0552971216643965,-2.568355382052373,2
3.3102988349213573,0.4352926915014659,1.7211992442016075,2.9092494457929816,2.870745270291369,0.25840383582870685,2
0.8269599237512852,-2.1403473206392487,-1.4096159437698872,0.8033471802687742,0.2189612420058853,-2.7158441002366662,2
2.466429138088705,1.3645071038556496,1.5135682086517694,3.254100274423029,2.577953283478668,0.8092994037506573,2
3.759012810794987,-0.7845394078909108,0.3473023161647779,1.976432811159807,1.4021235838785546,0.5516590137027769,2
4.283630433912614,2.137769920084267,2.4919027448955995,4.557820161322214,4.223864075030523,2.225070506836911,2
3.4155973290589445,-0.02677944585566633,1.966567520044372,3.7012315333487464,3.4631171844736697,1.0619359341994739,2
3.3545169473273546,-0.9150047991011723,0.6477287571885074,1.9137071276477653,1.5283096276274897,-0.5199401934568979,2
3.5554513278357076,1.6399815353660279,1.574125301063511,4.68608730743353,3.333596237483878,0.33011394966270957,2
3.361900548718351,2.2699862603285172,2.039646501209914,5.1950614840912825,3.661333400404687,0.33563772184486473,2
3.5603984538512665,0.8353692528810568,2.2739863304411854,3.816863742737393,3.736749267501021,0.8657120006899706,2
3.039404997101007,0.7389328762512407,1.7214155995584373,3.4402188122358766,2.267382526222759,-0.36375860617899275,2
1.7367858867349906,-0.4699517685334511,0.35881905700575034,2.8122914744822674,1.6809926620975388,-1.3732773882464822,2
1.5632503151969648,-1.1588599176826833,-0.5581376078479412,1.3399048894681291,0.07369643037297946,-1.1169571771047015,2
1.5511139827451184,-1.144288625684168,0.17330167989138268,2.936843576372882,2.098908920131643,-1.472413637613448,2
2.2220382048741065,-0.7905786464635916,-0.8506295885756747,1.405061249330105,0.9440363357174981,-0.3923715353777243,2
3.300138183378717,-0.3624362378513508,1.1817781139493375,3.5302360332876845,1.8489021596812396,0.36820730474303864,2
3.9959802154326454,-0.16596687945676708,1.3985214931308427,3.1352775434998073,2.305226016410142,0.16404957291982653,2
4.381878842649599,0.9778194774529483,1.5910087614246227,3.848234959366723,2.500040000255536,0.9745067482995964,2
1.0342506051979448,-0.8989439277102103,0.2833051806520628,3.603740362149454,0.4873566525820068,-2.0723432285603174,2
1.3111049175375193,-0.14769078476743897,0.1744554907389101,3.175618273244603,1.5895236561006052,-1.670345418478877,2
4.038147984686146,1.0647585370495545,1.6663861806876485,3.8481848142952306,3.6705689120192186,0.6553206126767784,2
0.9587678013989316,-1.8169165469094468,-1.3419440095576785,1.1370525804422584,0.2888180959824349,-2.632567175653445,2
3.4366491727413853,1.0589238947447508,1.0942741017535729,2.9849317351651403,3.338028663220908,-0.047125889201835997,2
2.333226313779112,0.8161569285263373,1.6113529122382113,4.089643763364806,1.942592056529334,-0.5268041138432371,2
2.911172897905826,0.5296588490290679,0.6217234365433354,3.539550090411646,3.0781226428615573,-0.5768683722967738,2
3.8615090254519746,1.4226209182054887,1.6779345753698818,2.706311274726027,3.3363293072232527,0.29457139772691665,2
2.686915002509194,0.8714917219513513,1.801826641617272,3.9461695729032353,2.998993985066704,0.25553525111265163,2
2.6642074324415486,0.4432184307556447,1.9402595711188204,3.614168504629543,2.8354104909267943,-0.2646241235407669,2
3.546273275947767,0.43243171169479727,1.11754678613566,3.9816724671838455,1.9443880569828815,-0.30562539061921445,2
0.8254338229317864,-2.2026744824870343,-1.560537497318344,1.5997316825551293,0.19320312764026948,-1.9355435068611884,2
4.209807756190522,-0.3468122104126834,1.547291006717936,5.003298238784602,3.4032615554833012,1.0684198396352593,2
3.7434443507588204,2.283996211551555,2.5392495578577945,5.031174584863923,3.866055872718935,1.3449226424764278,2
2.9186224685885165,-1.184183261494845,-1.0311720686223422,2.192878662841232,2.1638743669891265,-0.6319059157411053,2
-0.06837447668521168,-1.581831655620573,-1.3861470225173544,0.9057612877869774,0.2319289616544209,-2.723326635254592,2
3.7410466773615587,1.1446332584671253,0.8648428487360608,3.8831297979830306,2.455181332167406,-0.1425243436056234,2
2.869873488995663,0.5124502557239372,1.3071401589532397,3.0016501889333314,3.0432883491754854,0.27931915263715823,2
3.1292323218378657,0.7874930889900438,2.3333152741843293,3.868324082430992,3.3122946784358964,0.32918590200779285,2
3.8347644855271534,0.8269590247841687,1.8751277131221968,3.3654090889254813,2.4026491497589473,-0.025666930983781644,2
0.6001323753638617,0.2491883367523844,-0.17762969684878605,3.3092895714001362,1.3447425721411106,-2.1110111414697226,2
2.346279072376379,-0.49226478251763217,0.33168241812603083,2.4069063140886477,1.430759096575346,-1.295800870006293,2
1.3471917728451992,0.24764842001729112,0.07507211520862456,2.718487880262574,1.6674747365742628,-1.4826387918844168,2
3.180784632336294,0.04619381856762336,1.9181887984272543,3.631898597283648,2.676318534596699,0.326650560503397,2
3.199831392697404,1.4719741220024012,2.15975869232064,4.486468814257939,3.3023437407806067,1.1186776459338237,2
2.499923821421682,-0.14910080622731015,0.7224272085920365,2.93891831666399,1.6077266485351454,-0.803455891691976,2
3.3529843786846616,0.4032276258130241,1.189313565997618,3.661409907660226,2.9716993966900427,0.4748348582323616,2
3.1529993178463105,1.7055236102813398,2.3972978213206577,5.440346018801725,2.3798595998670375,0.42958283102297545,2
2.271040079456236,-0.9872379217086138,-0.7893086655257386,1.7749545159332578,1.081484369431852,-1.454429690785573,2
2.3935827444788815,0.29321057017991137,0.6333273425772714,3.1135485903071105,2.266383376407904,0.09055272012420545,2
2.3405516528436454,-0.555622811419158,0.19102901882436873,3.102053053816808,1.6086661215702067,-0.9662028886953923,2
2.321428365789734,-0.8790892000376564,-0.11973325295442638,1.4118332983473638,1.5365988336713547,-0.6722438382807306,2
1.9182400760771532,-0.9043211826490734,0.05150500306554118,1.9960261098393237,1.2614457562135644,-1.692813225040496,2
1.4060614065277721,-0.5585521342894734,0.3409828375384114,3.4508337819001262,1.8092605534053625,-1.5965056327581006,2
2.989273131436136,-2.4009561816014457,-0.6369597873116599,1.076910212626062,1.0462438979043858,-0.25770291788148914,2
3.0334075656217867,-0.11543328369545663,1.6651572990419812,3.8985297861464137,2.42896123590137,0.07947751772419465,2
2.1012767280636795,-0.9398267964134916,-0.1300544185667869,1.1382752826412634,2.2045752696014023,-1.673966532542383,2
3.0611370545257435,0.49362594489696693,1.2497018852800352,2.720683097513965,2.789735285286897,-0.755798357400123,2
2.1342460473317937,-0.1642011508333024,1.4503387538440269,2.2045936824694494,1.2782607189753028,-0.8061276400764879,2
3.1675425429222828,1.168769593654176,1.3267822272492484,4.639368792103044,2.8569302594404657,-0.2643991269279945,2
3.3314824553188,0.17887573826748987,1.192342067291057,3.6003411344176115,2.5374819487265308,-0.1854753595224315,2
0.3835536485612807,-0.5336377223163955,0.19766733538452863,3.2483874965377635,0.9053480309926503,-2.751638205485077,2
0.9008664236232231,-1.3127208238866936,-0.5474460693921368,3.0042130399541103,0.8192944952148824,-1.269044896628281,2
0.49850453698822594,-2.378332956949243,-1.154704328629618,0.5233058444741978,0.469409471770158,-2.5120734961917917,2
3.052100215757716,0.646914329810375,1.1615735745890925,3.3952894776398432,2.5368840773594945,0.8662345379009309,2
2.1831526117303692,1.4235238515611153,1.266953331200181,3.9071483510352367,2.9053727769489317,-0.49159638911281783,2
2.622765963523614,2.531954757658034,2.45001215965008,6.0607484680339425,4.165680395751373,0.40545354736450034,2
1.5986654637820548,-0.10617294979564212,-0.06506198050536538,2.5516737464811836,1.6268743275814554,-1.7282981050456565,2
2.7541868817370094,1.0443206843325519,2.1786812571029017,3.9081236491379756,2.8398251505192977,-0.11117555842818766,2
2.677499011750919,0.6611149640594989,1.3114200059990295,2.9246771093326496,2.313725929724556,-0.0588713199028133,2
2.700214435444915,0.013073465932035816,1.0099847997097968,2.226031445026611,2.5462277085414935,-0.4326642196620192,2
3.0182598617303107,-0.3665378211811905,0.6146764112881612,3.1365073819052935,2.0145320962985354,-1.679095879021143,2
3.1346950589179903,-0.4032406982014334,2.0484183975260746,3.6697007392768577,2.831899209691688,-0.07852054424629887,2
1.7323000209427875,0.30866888804228704,-0.028713641417956293,2.597327254911955,1.8647127893467053,-0.9251172694323953,2
4.075510720124399,1.5390295994373095,1.972897581579553,4.771032205541918,3.3643790795485837,0.517616190777533,2
1.7255571100642515,-0.030835591367859433,0.2648196925477212,3.5509499070181545,1.8967241235884857,-0.7195787352103203,2
3.865039600330039,0.12403250490433976,1.3807261064775063,2.89574060241465,2.636708367341306,0.5389448411215186,2
2.9568739066397596,0.3350381439300677,1.2384628310847816,2.378713102703754,1.8345925401487282,-0.5981031646885143,2
2.139655593328271,0.8232511990340007,1.5630419994059368,4.737762077910204,2.4452381900885207,-0.3657573500189193,2
3.04373751155835,0.9248362395359564,2.046292766879163,4.38570129264187,3.037995594051545,0.23573602392420345,2
2.9697262212825963,0.14550783277375035,2.4757226626420916,3.867419140831415,3.086927393600694,0.48830015332503063,2
2.8709251734571755,0.021996961788936703,1.7963152852323674,3.6336470402516796,2.8320639453847174,0.14019231961085554,2
1.7610290186292394,-0.3653406521806629,0.3357072735336011,3.8243488398952676,2.1374909630144945,-0.8085652181746177,2
4.781346470455614,-0.024098366782172087,1.9989749006734803,3.4095174118570992,3.3299376709636106,2.113946871402231,2
2.4415857820213693,-0.8245271268259102,0.23956683504046505,1.9103969069824562,1.064758067552394,-0.8698773625525379,2
2.3155678590174933,0.8588819241164722,0.8926531951186896,4.192179738196351,2.089550437936821,-0.6996587364705082,2
4.219000421138586,1.5154491055007442,2.335616855664708,4.029876122432671,3.7068052706385597,0.8572655144182302,2
3.150512227366917,-0.0848634364102348,0.5876607683417043,3.650672457302531,2.1471283057022372,-0.16923822169691233,2
1.2385630078257006,1.1373921405441352,0.9515593335805289,2.9761732751636374,2.4783900701774724,-2.44047706704727,2
2.1805580218836838,0.4630698301965099,-0.019863897518350715,3.2313228795202225,1.370778314334189,-1.2166442429100428,2
2.860049818057622,-1.1819697118178787,-0.39320081326997314,2.436778893112212,2.1705456106624466,0.32580197549428436,2
1.1502690829745266,-1.48201095537302,0.4471840806380951,2.644200482225995,1.3190653730061606,-1.4351306142748612,2
2.6360805337322906,1.3655836788424114,2.3657827486883223,4.514275634442921,3.557472738608163,1.4088441125345155,2
3.9164665685473876,1.053595309267787,1.902652709761449,4.184781688412281,3.200850132497571,1.1738817953014613,2
1.5461726840894499,0.6026036088828359,0.6932686105628934,4.2763618278440125,2.2706106682198866,-0.5864406528454857,2
2.569313308119803,-0.10761277533617003,0.38344205264579456,4.2694468020304575,1.457293167788237,-1.01889482841627,2
2.8905353248161587,1.6249941749983965,1.6665776110020132,3.4548738441335334,2.983815646909764,0.30850454799089344,2
1.3345633616998873,-0.07709058017608872,-0.9639239921174387,3.3562530504207513,0.9826022614276568,-0.891262360241762,2
3.35389440447049,0.18262612396278738,2.3030161276611123,3.891969631839678,3.1220490786167945,0.3790550740822499,2
3.7849706253461206,0.951864911657712,2.0342165350959895,4.851724792882203,3.8954831383892063,0.6216235373687969,2
3.8264343060585055,3.1997439134799253,2.575059491558446,5.794620737246833,4.821238859407017,1.446760386474282,2
1.6345873870503371,-0.6093156702673707,0.6997993228567762,3.173389779696448,1.305807646089111,-1.10049423520648,2
2.8485326443162298,0.4906806998549335,1.1409551016915684,3.378752071940683,3.169393294807232,0.05592007470802457,2
3.677884679855537,-0.6727104062221128,-0.056942471194290745,2.714199599266072,1.8336621141875318,0.41337646035163067,2
2.6382867526238365,-0.78148665306943,0.5041036811303399,2.9127959953410945,2.1038440407636014,0.6302993173712779,2
4.437953434794779,1.6266872716514356,3.062493013542143,4.843859270662147,4.233843665355572,1.6297470878359097,2
2.997454708384583,1.7259115724426113,2.15657178529932,5.191737864009691,3.2178738653791874,0.5254426283576671,2
4.225110340277412,0.9371172149273882,1.6424581169357786,3.1664429184332947,3.227637171276898,0.9610229463744291,2
1.7132689530316827,0.9915925724385742,0.8484035581461633,4.399392042066043,2.588750816461761,-0.7560604684744433,2
1.2458052367557404,-1.613376145707501,-0.6866817742624276,1.4676648378918309,0.440516530718301,-1.2192279286233079,2
3.900422143717967,2.0669199428339295,2.567142680422845,4.47312409639531,3.074950522177591,1.2263514345205138,2
0.9305483892534065,-1.1246624792316948,-0.6100057954169362,1.2378575027657734,-0.23109980059692115,-2.8648907122843204,2
2.9053099246123524,0.3503112526851956,1.3713312960621877,4.290455136184793,2.8084989865132512,-0.8224638436076698,2
1.8922280618937368,-0.47705760770598793,0.1656730930985857,2.357322543263551,1.702603790452558,-1.6095589845709104,2
2.6499679620630787,0.3681516222796387,1.284159254619448,3.096303631762727,2.2663296375049726,-0.9318203975444719,2
3.71139905682091,0.7801696469726096,1.8417104406720624,3.8906631412055797,3.9372841638225946,-0.1859935248251874,2
3.767610637416209,1.165801135251169,1.2498665399856854,3.61215788070991,2.962507454071206,0.17675086911809595,2
3.573090315406644,0.6527802789742392,1.362364313847191,3.5805903418579845,2.4803001717947732,0.48691285311773436,2
1.5459357988401157,-0.032294236128904835,0.4647542778724544,3.8353802726296005,1.9384429100930691,-0.024661634965908397,2
3.735506577911061,-0.012195020041497084,1.3257351809722169,3.829751863341075,2.8719969804028915,0.18026210828075295,2
2.9147097670122495,0.19353023242353432,1.402298678399098,3.2474165149115386,2.6242570348842005,-0.8060499559637779,2
2.0939919349975433,0.38881223775586315,0.10480053730728112,3.5170907104208706,1.3660545350692228,-0.8004794598577315,2
1.176930014986453,-1.4295338327383726,-0.9913699505653661,1.6169583313557037,0.4074163980633958,-2.6878955967765665,2
1.3121591499105232,-0.6468462937086177,-0.4260522121798034,2.6354409704685224,0.34512069496480713,-1.9362514098599979,2
0.69920676187462,-1.2855359720998798,-0.9218055643661631,2.3371742017912838,1.1154122748113826,-2.1561363425215094,2
2.8210537128391726,-0.33097020680991485,0.6212211793130019,2.38700688918367,1.1891948971336184,-1.1509519608895202,2
2.4149410508520983,0.42028129349382526,0.5962414777833109,3.7776183574887243,2.250405570014566,0.15563448174763733,2
1.884310746811002,0.8949895460336835,1.2880619563720266,3.898239918164294,1.8275575689963848,-0.8553152630603396,2
3.054268917008108,-1.365206598911786,-0.4775877548113232,1.5876990068724548,1.3937749644511257,-1.30497650365345,2
1.7035337056371667,-0.6453886513371132,-0.34183031781577045,2.8998803052376956,1.660669141683014,-1.0078803240755672,2
2.3079927515395835,0.1893825130829192,1.548396202390434,4.042147725699595,3.181199039052767,-0.6437905478190533,2
3.196058633346093,-0.14646564540742557,0.5262195050382423,2.7250765444939065,1.959699086302554,0.05500164686978748,2
2.583201275794128,0.05641102286790689,1.445475016617921,2.74281033453989,3.107322176473758,0.39127858752675204,2
1.7893082366500155,0.12880728008536801,0.9374985186518718,3.3863428811761156,1.9091756050252418,-1.121330057589962,2
1.7790390210753204,-0.8197450483329101,0.5280349944473013,2.111714581837087,0.9454145641682676,-0.710325058022532,2
2.5657358918671926,-2.535301259803769,0.05156408032128845,1.4384341277615367,1.431171572862223,-1.175605928259884,2
2.1430815559759777,0.8774358565695723,1.4911924883676506,3.8361404846547984,1.6409067096037235,-0.18748988008126474,2
2.675005320393869,-0.08234953747749196,0.7024815298589315,3.1420801360038464,2.5670479433363833,-0.3633605860154481,2
4.080983186430625,1.6871791905252203,1.4792171932399845,4.7430468740919665,2.950499659158587,1.2630867728310058,2
2.743015139649013,-1.6826786903885418,-0.4059612130387895,2.243139152657542,1.0172888375081461,-0.8867952377430441,2
